client,purchase_date,product,price
Norma Fisher,2022-08-09,Vacuum cleaner,121
Norma Fisher,2022-08-13,Microwave oven,348
Norma Fisher,2022-08-12,Phone,1126
Jorge Sullivan,2022-08-10,Microwave oven,171
Elizabeth Woods,2022-08-26,TV,1766
Susan Wagner,2022-08-26,Microwave oven,461
Susan Wagner,2022-08-05,Microwave oven,561
Peter Montgomery,2022-08-03,TV,1994
Peter Montgomery,2022-08-16,coffee machine,2804
Stephanie Collins,2022-08-20,Vacuum cleaner,403
Stephanie Collins,2022-08-18,coffee machine,1775
Stephanie Sutton,2022-08-09,Vacuum cleaner,613
Stephanie Sutton,2022-08-30,TV,2148
Stephanie Sutton,2022-08-01,Microwave oven,568
Susan Levy,2022-08-20,coffee machine,109
Susan Levy,2022-08-08,Vacuum cleaner,421
Susan Levy,2022-08-23,coffee machine,2764
Kimberly Smith,2022-08-08,Microwave oven,213
Jennifer Summers,2022-08-03,Microwave oven,329
Dana Nguyen,2022-08-16,Microwave oven,577
Dana Nguyen,2022-08-18,TV,1117
Cheryl Bradley,2022-08-18,coffee machine,1122
Cheryl Bradley,2022-08-07,Phone,1256
Walter Pratt,2022-08-20,Vacuum cleaner,173
Walter Pratt,2022-08-19,Vacuum cleaner,404
Bobby Flores,2022-08-07,Phone,526
Tasha Rodriguez,2022-08-22,TV,1754
Michelle Kelley,2022-08-03,Vacuum cleaner,150
Michelle Kelley,2022-08-29,coffee machine,1166
Kimberly Maynard,2022-08-03,TV,2225
Laurie Wallace,2022-08-09,coffee machine,4397
Laurie Wallace,2022-08-08,Microwave oven,515
Laurie Wallace,2022-08-19,Laptop,3283
Janice Johnston,2022-08-15,Microwave oven,240
Janice Johnston,2022-08-21,Vacuum cleaner,756
Janice Johnston,2022-08-03,coffee machine,3027
Collin Lopez,2022-08-16,Microwave oven,159
Collin Lopez,2022-08-11,Microwave oven,422
Mary Alvarez,2022-08-24,Laptop,566
Peter Mcdowell,2022-08-08,TV,1944
Peter Mcdowell,2022-08-11,Phone,499
Sarah Villanueva,2022-08-26,TV,706
Sarah Villanueva,2022-08-08,Laptop,3357
Sarah Villanueva,2022-08-19,TV,2173
Lauren Hayes,2022-08-19,Microwave oven,525
Angela Salazar,2022-08-27,TV,1258
Angela Salazar,2022-08-20,TV,574
Angela Salazar,2022-08-06,TV,898
Faith Cabrera,2022-08-26,Laptop,3478
Faith Cabrera,2022-08-22,TV,2418
Faith Cabrera,2022-08-14,TV,1614
Kenneth Kent,2022-08-03,TV,952
Kenneth Kent,2022-08-12,coffee machine,2566
Melanie Johnson,2022-08-17,Laptop,750
Melanie Johnson,2022-08-20,Vacuum cleaner,120
Melanie Johnson,2022-08-13,TV,1932
Lisa Johnston,2022-08-29,Phone,884
Jacob Hooper,2022-08-23,Microwave oven,186
Jacob Hooper,2022-08-25,coffee machine,1766
Jacob Hooper,2022-08-22,TV,2115
Alex Woodward,2022-08-17,Laptop,1902
Caleb Clark,2022-08-30,TV,1722
Caleb Clark,2022-08-06,Vacuum cleaner,761
Brian Green,2022-08-29,coffee machine,3457
Brian Green,2022-08-17,Microwave oven,547
Brian Green,2022-08-12,Phone,1479
Matthew Bell,2022-08-05,coffee machine,2155
Matthew Bell,2022-08-01,Microwave oven,453
Matthew Bell,2022-08-11,Vacuum cleaner,160
William Gonzalez,2022-08-25,Laptop,1483
William Gonzalez,2022-08-20,Vacuum cleaner,440
Nicholas Massey,2022-08-19,coffee machine,3042
Nicholas Massey,2022-08-23,coffee machine,1184
Caroline Chambers,2022-08-27,Vacuum cleaner,504
Caroline Chambers,2022-08-01,coffee machine,761
Amy Lowe,2022-08-06,coffee machine,2839
Gloria King,2022-08-15,Laptop,3110
Jessica Thompson,2022-08-28,coffee machine,4754
Jessica Thompson,2022-08-13,Vacuum cleaner,112
Jessica Thompson,2022-08-14,coffee machine,4748
Emily Howard,2022-08-09,Vacuum cleaner,145
Danielle Castro,2022-08-29,Vacuum cleaner,620
Patrick Rogers,2022-08-25,Microwave oven,409
Patrick Rogers,2022-08-02,TV,2310
Patrick Rogers,2022-08-10,Vacuum cleaner,413
Douglas Allen,2022-08-27,TV,2156
Douglas Allen,2022-08-18,Vacuum cleaner,272
Douglas Allen,2022-08-27,coffee machine,783
Heather Roberts,2022-08-22,TV,1322
Travis Schultz,2022-08-07,Phone,156
Travis Schultz,2022-08-25,TV,1969
Travis Schultz,2022-08-22,TV,2184
Matthew Smith,2022-08-21,TV,1745
George Allen,2022-08-23,Phone,723
Jamie Hutchinson,2022-08-28,TV,1474
Jennifer Morales,2022-08-01,coffee machine,766
Jennifer Morales,2022-08-26,Phone,1077
Jennifer Morales,2022-08-09,TV,2264
Jennifer Bates,2022-08-27,coffee machine,4366
Jeremy Green,2022-08-05,TV,2285
Jeremy Green,2022-08-02,Phone,188
Nicole Henson,2022-08-18,coffee machine,2227
Robin Lopez,2022-08-30,Phone,1312
Robin Lopez,2022-08-24,TV,2233
Michael Stewart,2022-08-21,coffee machine,3857
Michael Stewart,2022-08-28,Vacuum cleaner,461
Michael Stewart,2022-08-07,Microwave oven,191
Mitchell Smith,2022-08-01,Microwave oven,249
Mitchell Smith,2022-08-09,Laptop,1118
Mitchell Smith,2022-08-26,Phone,841
Kelsey Davis,2022-08-11,coffee machine,867
Kelsey Davis,2022-08-02,Microwave oven,118
Matthew Russo,2022-08-19,Laptop,1112
Matthew Russo,2022-08-13,Phone,889
William Garcia,2022-08-16,Phone,385
Jennifer Miller,2022-08-06,TV,1130
Brandi Meyer,2022-08-10,Vacuum cleaner,416
Brandi Meyer,2022-08-04,Vacuum cleaner,191
Hannah Wiggins,2022-08-27,Vacuum cleaner,425
Hannah Wiggins,2022-08-16,Phone,404
Hannah Wiggins,2022-08-16,TV,1932
Albert Williams,2022-08-11,TV,1118
Albert Williams,2022-08-30,coffee machine,1375
Albert Williams,2022-08-19,Laptop,3067
Kristin Potts,2022-08-03,coffee machine,812
Kristin Potts,2022-08-24,TV,905
Kristin Potts,2022-08-13,Laptop,750
Stephanie Bowman,2022-08-10,Microwave oven,365
Stephanie Bowman,2022-08-26,Vacuum cleaner,580
Stephanie Bowman,2022-08-22,Microwave oven,465
Joshua Clark,2022-08-12,Vacuum cleaner,165
Alexa Hernandez,2022-08-25,Phone,1348
Richard Higgins,2022-08-12,Vacuum cleaner,276
David Williams,2022-08-04,coffee machine,1752
David Williams,2022-08-09,Vacuum cleaner,487
David Williams,2022-08-02,Laptop,3125
Joseph Jones,2022-08-04,Microwave oven,174
Gary Perry,2022-08-12,Vacuum cleaner,467
Terry Wells,2022-08-16,TV,1721
Vanessa Cooper,2022-08-21,Microwave oven,307
Michael Simmons,2022-08-22,Microwave oven,353
Michael Simmons,2022-08-16,Phone,1170
Michael Simmons,2022-08-18,coffee machine,1754
Nicholas Kline,2022-08-23,TV,1196
Lori Bennett,2022-08-17,Phone,222
Lori Bennett,2022-08-20,Laptop,1552
Margaret Jones,2022-08-10,Vacuum cleaner,676
Paul Brown,2022-08-03,TV,2138
Paul Brown,2022-08-30,Microwave oven,544
Paul Brown,2022-08-08,TV,635
James Stone,2022-08-01,TV,1115
John Richards,2022-08-26,Phone,479
John Richards,2022-08-15,Laptop,3187
John Richards,2022-08-13,Phone,1184
Barbara Sanders,2022-08-18,Laptop,1686
Barbara Sanders,2022-08-27,Microwave oven,313
Barbara Sanders,2022-08-20,Vacuum cleaner,477
Andrew Gould,2022-08-29,TV,1845
Joshua Hernandez,2022-08-19,Phone,1188
Sherry Simpson,2022-08-16,Phone,284
Sherry Simpson,2022-08-25,Phone,770
Erica Jimenez,2022-08-02,Vacuum cleaner,472
Erica Jimenez,2022-08-30,Laptop,3125
Erica Jimenez,2022-08-10,Laptop,1478
Victor Nolan,2022-08-02,TV,2428
Victor Nolan,2022-08-05,Vacuum cleaner,507
Amanda Hernandez,2022-08-03,Microwave oven,467
Amanda Hernandez,2022-08-26,coffee machine,1340
Amanda Hernandez,2022-08-02,Phone,992
Richard Kirby,2022-08-02,Vacuum cleaner,549
Richard Kirby,2022-08-25,TV,1464
Richard Kirby,2022-08-02,Laptop,582
Michelle Roman,2022-08-04,coffee machine,2753
Bradley Melton,2022-08-26,Laptop,2070
Bradley Melton,2022-08-29,Vacuum cleaner,193
Ryan Rivera,2022-08-30,Microwave oven,423
Ryan Rivera,2022-08-04,Phone,1482
Ryan Rivera,2022-08-26,coffee machine,2527
Charles Douglas,2022-08-30,Vacuum cleaner,380
Laura Gregory,2022-08-13,TV,2101
Norma Mooney,2022-08-15,Phone,540
Norma Mooney,2022-08-03,Phone,1444
Norma Mooney,2022-08-30,TV,2347
Linda Petersen,2022-08-17,Phone,204
Linda Petersen,2022-08-19,coffee machine,4763
Linda Petersen,2022-08-03,Laptop,1440
Rebecca Sandoval,2022-08-04,Microwave oven,256
Rebecca Sandoval,2022-08-29,Laptop,2244
Rebecca Sandoval,2022-08-30,Microwave oven,316
Elizabeth Russell,2022-08-14,TV,703
Elizabeth Russell,2022-08-26,Laptop,625
Elizabeth Russell,2022-08-22,Vacuum cleaner,521
Amy Davidson,2022-08-30,TV,1517
Amy Davidson,2022-08-03,Phone,667
Amy Davidson,2022-08-04,Phone,294
Dustin Greer,2022-08-12,coffee machine,340
Dustin Greer,2022-08-01,Phone,514
Andrew Butler,2022-08-20,Phone,294
William Jenkins,2022-08-07,Laptop,513
Lorraine Garcia,2022-08-30,Phone,200
Lorraine Garcia,2022-08-28,Microwave oven,219
Hannah Reyes,2022-08-04,Laptop,2359
Katherine Ibarra,2022-08-05,Phone,678
Katherine Ibarra,2022-08-07,TV,2479
Katherine Ibarra,2022-08-16,Phone,836
Julie Chen,2022-08-21,Phone,1282
Julie Chen,2022-08-19,Phone,526
Rebecca Stark,2022-08-29,Laptop,2042
Rebecca Stark,2022-08-26,Laptop,1012
Melanie Patrick,2022-08-08,Phone,1191
Rachel Lopez,2022-08-12,Laptop,1692
Jill Sherman,2022-08-28,coffee machine,478
Jill Sherman,2022-08-01,Laptop,2962
Jill Sherman,2022-08-23,Vacuum cleaner,159
Timothy Tucker,2022-08-18,Vacuum cleaner,386
Theresa Estrada,2022-08-19,coffee machine,1265
Theresa Estrada,2022-08-21,Vacuum cleaner,385
Theresa Estrada,2022-08-08,Phone,323
Cindy Davis,2022-08-21,coffee machine,3124
Cindy Davis,2022-08-13,Microwave oven,129
Cindy Davis,2022-08-14,Vacuum cleaner,88
Stacy Chan,2022-08-12,Vacuum cleaner,288
Stacy Chan,2022-08-03,Phone,1114
Jennifer Torres,2022-08-04,TV,1067
Jeffery Knight,2022-08-30,coffee machine,3754
Taylor Perry,2022-08-14,Laptop,2227
Taylor Perry,2022-08-15,Laptop,1515
Taylor Perry,2022-08-05,Phone,1221
Raymond Navarro,2022-08-21,Vacuum cleaner,726
Raymond Navarro,2022-08-25,TV,1489
Jeremy Parks,2022-08-27,Phone,153
Thomas Rivers,2022-08-01,Microwave oven,336
Thomas Rivers,2022-08-04,Laptop,1722
Thomas Rivers,2022-08-18,coffee machine,2567
Angela Jones,2022-08-03,Vacuum cleaner,562
Allen Bailey,2022-08-25,Laptop,2727
Allen Bailey,2022-08-21,Vacuum cleaner,366
Allen Bailey,2022-08-09,TV,747
Michael Mays,2022-08-29,Vacuum cleaner,618
Michael Mays,2022-08-13,Microwave oven,463
Adam Wood,2022-08-09,TV,2028
Adam Wood,2022-08-28,Phone,730
Adam Wood,2022-08-20,coffee machine,1705
John Carter,2022-08-11,Phone,1242
John Carter,2022-08-28,TV,1585
Tina Fields,2022-08-14,Laptop,778
Willie Garcia,2022-08-05,Phone,1214
Willie Garcia,2022-08-21,Microwave oven,367
Brooke Hurst,2022-08-14,Microwave oven,153
Regina Stewart,2022-08-10,coffee machine,2382
Regina Stewart,2022-08-19,Vacuum cleaner,460
Regina Stewart,2022-08-06,coffee machine,1228
Blake Jones,2022-08-15,Vacuum cleaner,685
Blake Jones,2022-08-22,Laptop,2792
Blake Jones,2022-08-21,Phone,875
Juan Yang,2022-08-07,coffee machine,3500
Juan Yang,2022-08-23,Vacuum cleaner,580
Juan Yang,2022-08-16,Microwave oven,262
Jeremy Wood,2022-08-24,Phone,442
Jeremy Wood,2022-08-29,Vacuum cleaner,133
Jeremy Wood,2022-08-01,Microwave oven,210
Amy Ortiz,2022-08-29,Vacuum cleaner,480
Amy Ortiz,2022-08-17,TV,2233
Rebecca Hill,2022-08-02,TV,1239
Rebecca Hill,2022-08-01,TV,1771
Rebecca Hill,2022-08-23,Phone,1461
Melissa Flynn,2022-08-05,coffee machine,1957
Melissa Flynn,2022-08-07,Microwave oven,247
David Chavez,2022-08-13,Vacuum cleaner,418
David Chavez,2022-08-14,Laptop,1854
David Chavez,2022-08-05,coffee machine,3665
Brenda Ford,2022-08-17,coffee machine,1308
Brenda Ford,2022-08-07,Phone,414
Brenda Ford,2022-08-12,Laptop,2319
Karen Harris,2022-08-13,Vacuum cleaner,583
Karen Harris,2022-08-26,coffee machine,1903
Karen Harris,2022-08-07,Laptop,2299
Edwin Mack,2022-08-21,TV,979
Edwin Mack,2022-08-06,TV,2283
Edwin Mack,2022-08-24,Phone,266
Kimberly Moore,2022-08-10,Laptop,3001
Crystal Gill,2022-08-15,Phone,992
Crystal Gill,2022-08-23,TV,1794
William Martinez,2022-08-16,Microwave oven,332
William Martinez,2022-08-07,Phone,1124
William Martinez,2022-08-02,Phone,694
David Campbell,2022-08-10,Phone,157
Ricky Torres,2022-08-14,TV,2111
Joseph Wright,2022-08-18,Microwave oven,303
Carla Perry,2022-08-11,Vacuum cleaner,277
Jennifer Osborne,2022-08-15,Phone,1247
Jennifer Osborne,2022-08-01,Phone,673
Brooke Terry,2022-08-07,Phone,314
Kevin Taylor,2022-08-09,Laptop,1325
Kevin Taylor,2022-08-10,coffee machine,2568
Heather Kennedy,2022-08-12,Phone,1137
Heather Kennedy,2022-08-02,coffee machine,2065
Heather Kennedy,2022-08-03,Phone,1280
Matthew Brown,2022-08-02,Vacuum cleaner,528
Matthew Brown,2022-08-15,Vacuum cleaner,585
Matthew Brown,2022-08-03,Vacuum cleaner,200
Allison Ruiz,2022-08-25,TV,2192
Alexandra Rose,2022-08-15,Vacuum cleaner,298
Maureen Smith,2022-08-29,Microwave oven,486
Maureen Smith,2022-08-06,Vacuum cleaner,120
Maureen Smith,2022-08-08,Laptop,2507
Marc Key,2022-08-11,Phone,871
Melissa Acosta,2022-08-29,TV,1640
Melissa Acosta,2022-08-18,Phone,1399
Melissa Acosta,2022-08-10,Laptop,3412
Paul Roberts,2022-08-15,Microwave oven,409
Paul Roberts,2022-08-09,Microwave oven,424
Paul Roberts,2022-08-01,Phone,624
Jermaine Fletcher,2022-08-08,coffee machine,3496
Beverly Lozano,2022-08-01,Phone,1500
Richard Price,2022-08-13,TV,749
Richard Price,2022-08-04,coffee machine,2332
Richard Price,2022-08-12,coffee machine,4725
Jean Robinson,2022-08-22,coffee machine,4578
Todd Willis,2022-08-03,Laptop,1483
Todd Willis,2022-08-22,Microwave oven,257
James Young,2022-08-21,Laptop,2028
James Young,2022-08-19,Vacuum cleaner,373
Cody Brown,2022-08-18,Laptop,563
Carrie Bishop,2022-08-21,Phone,1348
Carrie Bishop,2022-08-05,TV,2162
Michele Hunt,2022-08-17,Laptop,1224
Michele Hunt,2022-08-25,TV,777
Michele Hunt,2022-08-19,Laptop,2534
Shawn Gomez,2022-08-05,Laptop,3500
Mark Black,2022-08-20,Vacuum cleaner,441
Tina Spears,2022-08-29,coffee machine,4183
Christopher Smith,2022-08-10,Vacuum cleaner,546
Christopher Smith,2022-08-08,TV,2463
Brenda Buchanan,2022-08-26,coffee machine,4152
Tracy Sanders,2022-08-23,Microwave oven,260
Tracy Sanders,2022-08-05,TV,1030
Tracy Sanders,2022-08-23,Microwave oven,305
Jody Morgan,2022-08-13,Phone,747
Jesus Nguyen,2022-08-24,TV,1145
Andrew Wood,2022-08-22,Phone,1053
Joseph Lopez,2022-08-22,Phone,854
Michael Fitzgerald,2022-08-12,Phone,184
Micheal Williams,2022-08-16,Phone,195
Julia Wilson,2022-08-08,TV,525
Brett Cannon,2022-08-02,TV,2181
Brett Cannon,2022-08-05,Phone,1015
Thomas Alexander,2022-08-05,Vacuum cleaner,525
Jeffery Fischer,2022-08-21,Phone,512
Jeffery Fischer,2022-08-13,Phone,986
Jeffrey Hawkins,2022-08-18,Phone,1243
Jeffrey Hawkins,2022-08-25,coffee machine,3890
Jeffrey Hawkins,2022-08-30,TV,1656
Jeremy Jacobs,2022-08-01,Vacuum cleaner,255
Jeremy Jacobs,2022-08-20,Microwave oven,170
Jeremy Jacobs,2022-08-27,coffee machine,4310
Debbie Hall,2022-08-08,TV,1175
Richard Garcia,2022-08-26,Laptop,590
Danielle Mitchell,2022-08-06,coffee machine,4699
Shannon Martinez,2022-08-20,Microwave oven,153
Shannon Martinez,2022-08-23,coffee machine,3847
Shannon Martinez,2022-08-20,Laptop,3018
Michael Warner,2022-08-01,Phone,921
Michael Warner,2022-08-16,coffee machine,397
Joseph Leonard,2022-08-15,Phone,458
Joseph Leonard,2022-08-12,Laptop,2578
Mark Mitchell,2022-08-11,coffee machine,3415
Robert Tran,2022-08-01,Vacuum cleaner,482
Robert Tran,2022-08-29,Phone,1236
Kevin Johnson,2022-08-02,Microwave oven,340
Kevin Johnson,2022-08-18,Microwave oven,392
James Daugherty,2022-08-15,coffee machine,413
James Daugherty,2022-08-13,Vacuum cleaner,202
Angela Hubbard,2022-08-01,Vacuum cleaner,132
Angela Hubbard,2022-08-09,Phone,220
Patricia Hudson,2022-08-25,coffee machine,1796
Patricia Hudson,2022-08-11,Microwave oven,364
Cindy Oconnor,2022-08-04,Phone,577
Cindy Oconnor,2022-08-26,Microwave oven,268
Cindy Oconnor,2022-08-22,Laptop,2900
Olivia Gomez,2022-08-11,Laptop,1126
Olivia Gomez,2022-08-19,coffee machine,174
Roy Fox,2022-08-10,Phone,893
Jesus Smith,2022-08-26,Phone,1163
Jesus Smith,2022-08-14,Vacuum cleaner,695
Matthew Guerrero,2022-08-05,TV,2114
Samantha Floyd,2022-08-30,Laptop,1898
Samantha Floyd,2022-08-24,TV,2442
Samantha Floyd,2022-08-27,Vacuum cleaner,760
Anthony Johnson,2022-08-03,coffee machine,1637
Anthony Johnson,2022-08-14,Microwave oven,579
Tonya Cooper,2022-08-06,Laptop,2668
Tonya Cooper,2022-08-21,TV,1849
Nicholas Barrett,2022-08-17,Microwave oven,156
Michael Torres,2022-08-10,Vacuum cleaner,352
Michael Torres,2022-08-14,Phone,177
Michael Torres,2022-08-09,coffee machine,2397
Joshua Oconnor,2022-08-23,Phone,539
Joshua Oconnor,2022-08-28,Vacuum cleaner,225
Andrew Perez,2022-08-13,coffee machine,4714
Andrea Brown,2022-08-18,Vacuum cleaner,117
Andrea Brown,2022-08-20,Vacuum cleaner,731
Jenny Stafford,2022-08-17,TV,1241
Jeffrey Howard,2022-08-21,coffee machine,1693
Gary Hatfield,2022-08-01,coffee machine,4171
Gary Hatfield,2022-08-19,coffee machine,2141
Janet Ortiz,2022-08-25,Phone,529
Joseph Fitzgerald,2022-08-15,TV,1673
Joseph Fitzgerald,2022-08-15,Laptop,3423
Joseph Fitzgerald,2022-08-26,Microwave oven,558
Jennifer Myers,2022-08-30,Laptop,2304
Morgan Hernandez,2022-08-09,coffee machine,3333
Morgan Hernandez,2022-08-29,Phone,1045
Morgan Hernandez,2022-08-11,Phone,1398
Alex Drake,2022-08-01,TV,1508
Alex Drake,2022-08-25,Phone,565
Richard Sutton,2022-08-25,Vacuum cleaner,526
Richard Sutton,2022-08-23,coffee machine,3288
Richard Sutton,2022-08-15,TV,1693
Blake Pennington,2022-08-19,Microwave oven,164
Blake Pennington,2022-08-11,coffee machine,2380
Lance King,2022-08-05,Vacuum cleaner,614
Lance King,2022-08-19,TV,666
Lance King,2022-08-01,Phone,889
Amanda Davis,2022-08-22,coffee machine,1007
Chris Young,2022-08-30,TV,1144
Chris Young,2022-08-13,TV,1144
Chris Young,2022-08-09,Laptop,3103
Nicolas Sullivan,2022-08-20,coffee machine,1264
Nicolas Sullivan,2022-08-28,Laptop,2155
Nicolas Sullivan,2022-08-02,Phone,1197
Johnathan Long,2022-08-30,Laptop,1048
Steven Pierce,2022-08-24,coffee machine,482
Steven Pierce,2022-08-27,Microwave oven,122
Steven Pierce,2022-08-24,Microwave oven,453
Patricia Duncan,2022-08-26,Laptop,1911
Patricia Duncan,2022-08-03,Microwave oven,516
Patricia Duncan,2022-08-06,TV,1646
Michael Bryant,2022-08-11,Laptop,1568
Michael Bryant,2022-08-26,coffee machine,2179
Jennifer Crawford,2022-08-15,Microwave oven,578
Jennifer Crawford,2022-08-18,Laptop,2338
Patrick Johnson,2022-08-19,TV,1795
Lauren Parsons,2022-08-02,coffee machine,4296
Michael Clark,2022-08-21,TV,895
Michael Clark,2022-08-08,Vacuum cleaner,705
Gina Good,2022-08-23,Microwave oven,181
Gina Good,2022-08-05,Phone,1491
Gina Good,2022-08-02,Vacuum cleaner,649
Warren Middleton,2022-08-25,TV,2164
Warren Middleton,2022-08-14,TV,712
Michelle Maldonado,2022-08-11,Microwave oven,331
Michelle Maldonado,2022-08-12,Vacuum cleaner,604
Paul Smith,2022-08-06,Phone,196
Krystal Farley,2022-08-29,TV,1191
Mario Morris,2022-08-21,TV,1347
Charles Williams,2022-08-20,Vacuum cleaner,133
Charles Williams,2022-08-12,coffee machine,1477
Chelsea Dunn,2022-08-12,TV,1402
Chelsea Dunn,2022-08-20,Microwave oven,561
Chelsea Dunn,2022-08-19,Phone,784
Travis Thompson,2022-08-01,Vacuum cleaner,265
Travis Thompson,2022-08-07,Vacuum cleaner,350
Travis Thompson,2022-08-12,Vacuum cleaner,145
Jeffrey Ewing,2022-08-13,TV,862
Jeffrey Ewing,2022-08-21,Microwave oven,453
Wanda Lee,2022-08-24,Vacuum cleaner,647
Wanda Lee,2022-08-16,coffee machine,4163
Kristine Ward,2022-08-21,Phone,206
Kristine Ward,2022-08-27,Microwave oven,149
Kristine Ward,2022-08-12,TV,1183
Regina Perez,2022-08-30,TV,815
Regina Perez,2022-08-26,Microwave oven,420
Regina Perez,2022-08-01,Phone,225
Joseph Pugh,2022-08-18,Phone,471
Joseph Pugh,2022-08-06,coffee machine,1303
Joseph Pugh,2022-08-21,Laptop,1151
Lynn Burton,2022-08-01,Microwave oven,268
Tony House,2022-08-02,coffee machine,3361
Tony House,2022-08-21,Laptop,1484
Tony House,2022-08-06,Phone,822
Jerome Manning,2022-08-06,Phone,612
Jordan Roman,2022-08-29,Vacuum cleaner,452
Jordan Roman,2022-08-13,Microwave oven,170
Jordan Roman,2022-08-01,Microwave oven,494
Tina Martin,2022-08-22,Microwave oven,102
Tanya Walters,2022-08-05,coffee machine,1508
Tanya Walters,2022-08-27,TV,551
Tanya Walters,2022-08-01,Phone,1194
Jasmine Rowe,2022-08-26,Laptop,3259
Jean Beard,2022-08-14,TV,1357
Jean Beard,2022-08-22,Microwave oven,567
Jean Beard,2022-08-30,Phone,657
John Gallegos,2022-08-07,Phone,1194
Michael Murphy,2022-08-14,TV,765
Michael Murphy,2022-08-12,Microwave oven,437
Michael Murphy,2022-08-29,TV,1383
John Boyd,2022-08-13,Laptop,2429
John Boyd,2022-08-08,Laptop,2117
John Boyd,2022-08-13,coffee machine,4041
Connor Rodriguez,2022-08-12,Phone,1228
Connor Rodriguez,2022-08-20,Microwave oven,111
Amanda Hebert,2022-08-02,Laptop,1631
Amanda Hebert,2022-08-28,Microwave oven,264
Amanda Hebert,2022-08-04,Vacuum cleaner,721
Victoria Hubbard,2022-08-01,coffee machine,3314
Michael Larson,2022-08-14,coffee machine,3320
Michael Larson,2022-08-15,TV,1960
Michael Larson,2022-08-06,Microwave oven,336
Eric Brown,2022-08-14,Phone,1121
Cesar Castillo,2022-08-28,Microwave oven,570
Pamela Williams,2022-08-30,Microwave oven,157
Pamela Williams,2022-08-05,Phone,857
Amanda Peters,2022-08-17,Vacuum cleaner,725
Amanda Peters,2022-08-29,TV,900
Lynn Herring,2022-08-19,Laptop,3463
Lynn Herring,2022-08-13,Phone,756
Robin Harris,2022-08-02,Microwave oven,320
Robin Harris,2022-08-09,coffee machine,3463
Michael King,2022-08-12,coffee machine,1805
Michael King,2022-08-04,Laptop,1041
Michael King,2022-08-06,Microwave oven,282
Steven Tran,2022-08-15,Microwave oven,303
Steven Tran,2022-08-23,TV,1814
Steven Tran,2022-08-25,coffee machine,737
Kevin May,2022-08-18,Microwave oven,471
Kevin May,2022-08-05,Laptop,1193
Kevin May,2022-08-08,Laptop,1173
Matthew Bryant,2022-08-29,Vacuum cleaner,445
Jimmy Moore,2022-08-22,coffee machine,2845
Jimmy Moore,2022-08-30,TV,2143
Matthew Alvarez,2022-08-11,Phone,474
Matthew Alvarez,2022-08-11,coffee machine,4208
Matthew Alvarez,2022-08-05,Microwave oven,455
Kimberly Hoover,2022-08-10,coffee machine,4650
Kimberly Hoover,2022-08-12,Laptop,2050
Kimberly Hoover,2022-08-17,Vacuum cleaner,562
Robert Miller,2022-08-27,Vacuum cleaner,496
Robert Miller,2022-08-05,TV,1899
Harold Hayes,2022-08-20,TV,1694
Barbara Stewart,2022-08-20,Microwave oven,429
Cheryl Gutierrez,2022-08-13,coffee machine,1481
Cheryl Gutierrez,2022-08-02,TV,2124
Russell Jones,2022-08-11,coffee machine,4037
Russell Jones,2022-08-15,TV,1884
Henry Winters,2022-08-09,Microwave oven,456
Henry Winters,2022-08-26,coffee machine,4085
Megan Hart,2022-08-18,Laptop,2800
Cheryl Hughes,2022-08-21,TV,2194
Caleb Bell,2022-08-20,Microwave oven,309
Luis Valdez,2022-08-13,Vacuum cleaner,780
Jesus Spencer,2022-08-05,TV,1703
Jesus Spencer,2022-08-29,Vacuum cleaner,255
Kathleen Miller,2022-08-30,Microwave oven,127
Kathleen Miller,2022-08-21,Vacuum cleaner,168
Kathleen Miller,2022-08-11,Microwave oven,307
Scott Gibbs,2022-08-15,Microwave oven,547
Ronald Cook,2022-08-09,Microwave oven,152
Ronald Cook,2022-08-18,Microwave oven,351
Ronald Cook,2022-08-16,coffee machine,3328
Kaitlin Johnson,2022-08-18,Laptop,1441
Kaitlin Johnson,2022-08-10,Phone,476
Lori Mitchell,2022-08-03,Vacuum cleaner,150
James Moore,2022-08-14,Vacuum cleaner,659
James Moore,2022-08-09,Microwave oven,147
James Moore,2022-08-27,Vacuum cleaner,315
Margaret Sanchez,2022-08-26,Laptop,1972
Margaret Sanchez,2022-08-22,TV,783
Douglas Jackson,2022-08-07,Microwave oven,386
Alexis Conrad,2022-08-25,Microwave oven,458
Alexis Conrad,2022-08-23,Microwave oven,351
Alexis Conrad,2022-08-30,coffee machine,976
James Solis,2022-08-28,Microwave oven,277
James Solis,2022-08-22,Phone,349
James Solis,2022-08-08,TV,994
Ashley Carr,2022-08-08,Phone,712
Ashley Carr,2022-08-12,TV,1515
Ashley Carr,2022-08-11,Microwave oven,574
David Taylor,2022-08-08,Microwave oven,316
David Taylor,2022-08-13,coffee machine,3110
Kim Jones,2022-08-30,Laptop,1679
Matthew Church,2022-08-22,coffee machine,4041
Jeffrey Ruiz,2022-08-20,Phone,937
Jeffrey Ruiz,2022-08-13,Laptop,989
James Brewer,2022-08-16,Microwave oven,544
James Brewer,2022-08-23,Laptop,3187
Kevin Houston,2022-08-14,coffee machine,3038
Kevin Houston,2022-08-13,Phone,885
Robert Maynard,2022-08-29,TV,1482
Robert Maynard,2022-08-15,Phone,397
Shawn Williams,2022-08-24,Phone,648
Alyssa Fisher,2022-08-08,Phone,1172
Lindsey Martin,2022-08-17,Vacuum cleaner,555
Lindsey Martin,2022-08-27,Vacuum cleaner,659
Lindsey Martin,2022-08-22,Microwave oven,212
Jason Lawrence,2022-08-16,Microwave oven,259
Jason Lawrence,2022-08-17,Laptop,1788
Jason Lawrence,2022-08-03,coffee machine,113
Mark Miranda,2022-08-29,Phone,957
Mark Miranda,2022-08-02,Laptop,2266
Mark Miranda,2022-08-02,Microwave oven,494
Nicole Gonzalez,2022-08-07,TV,1039
Nicole Gonzalez,2022-08-06,coffee machine,2777
Nicole Gonzalez,2022-08-26,TV,870
Cassandra Silva,2022-08-02,TV,978
Cassandra Silva,2022-08-18,TV,1283
Michael Adams,2022-08-20,TV,2182
Hannah Anderson,2022-08-15,TV,2017
Carol Jordan,2022-08-29,TV,1565
Billy Page,2022-08-06,TV,1599
Billy Page,2022-08-30,Laptop,1429
Billy Page,2022-08-16,Vacuum cleaner,471
Caroline Clark,2022-08-25,Laptop,2061
Caroline Clark,2022-08-09,TV,1761
Caroline Clark,2022-08-12,TV,1693
Joseph Fuentes,2022-08-21,Phone,1079
Joseph Fuentes,2022-08-17,Laptop,2940
Frances Wilson,2022-08-04,TV,1963
Frances Wilson,2022-08-23,Phone,199
Sarah Ortiz,2022-08-22,Microwave oven,495
Stephanie Peterson,2022-08-19,Vacuum cleaner,292
Evelyn Neal,2022-08-17,Laptop,2225
Evelyn Neal,2022-08-18,Microwave oven,161
Spencer Riddle,2022-08-29,TV,1542
Spencer Riddle,2022-08-06,Vacuum cleaner,561
Spencer Riddle,2022-08-11,Vacuum cleaner,640
Travis Hunt,2022-08-13,Vacuum cleaner,340
Brittany Smith,2022-08-08,Laptop,2358
Brittany Smith,2022-08-25,Phone,1134
Michele Walls,2022-08-24,TV,1415
Michele Walls,2022-08-13,TV,1631
Michele Walls,2022-08-14,Vacuum cleaner,309
Melissa Holland,2022-08-16,Phone,1127
Matthew Holden,2022-08-10,Laptop,2305
Michael Mendez,2022-08-20,coffee machine,4082
Michael Mendez,2022-08-22,Laptop,2639
Ruth Castillo,2022-08-21,Phone,1210
Kristina Wilcox,2022-08-11,Phone,225
Scott Mccall,2022-08-22,Vacuum cleaner,479
Ronald Atkinson,2022-08-07,Vacuum cleaner,588
Kelly Franklin,2022-08-26,Vacuum cleaner,128
Michael Sullivan,2022-08-07,coffee machine,4367
Michael Sullivan,2022-08-06,coffee machine,2787
Chad Price,2022-08-23,Laptop,3094
Chad Price,2022-08-29,Microwave oven,352
Chad Price,2022-08-30,coffee machine,4775
Krystal Hendricks,2022-08-02,Microwave oven,325
Angie Chapman,2022-08-27,Vacuum cleaner,698
Jonathon Gibson,2022-08-07,Microwave oven,474
Jonathon Gibson,2022-08-02,TV,589
Brian Whitaker,2022-08-28,Laptop,2315
Caitlin Phelps,2022-08-28,coffee machine,993
Briana Jones,2022-08-29,coffee machine,2446
Briana Jones,2022-08-16,coffee machine,2870
Briana Jones,2022-08-06,coffee machine,1674
James Benton,2022-08-12,Microwave oven,531
James Benton,2022-08-13,coffee machine,3689
Deborah Hall,2022-08-28,coffee machine,2701
Deborah Hall,2022-08-05,Vacuum cleaner,148
Deborah Hall,2022-08-25,Laptop,964
Charles Cain,2022-08-23,Vacuum cleaner,555
Sean Morrow,2022-08-01,Phone,245
Justin Smith,2022-08-28,Laptop,858
Justin Smith,2022-08-19,Vacuum cleaner,679
Justin Smith,2022-08-07,Vacuum cleaner,633
Grace Davis,2022-08-30,Microwave oven,429
Darrell Roberson,2022-08-18,Phone,928
Darrell Roberson,2022-08-03,Microwave oven,133
Darrell Roberson,2022-08-24,Microwave oven,596
Danny Simpson,2022-08-14,TV,917
Danny Simpson,2022-08-12,Microwave oven,487
Danny Simpson,2022-08-24,Phone,321
Kenneth Perez,2022-08-28,Microwave oven,595
Timothy Newton,2022-08-09,Laptop,2407
Timothy Newton,2022-08-15,TV,1715
Richard Morales,2022-08-13,Laptop,2067
Richard Morales,2022-08-30,coffee machine,4251
Kaitlin Douglas,2022-08-09,Laptop,2917
Kaitlin Douglas,2022-08-05,TV,590
Thomas Reynolds,2022-08-19,coffee machine,4885
Thomas Reynolds,2022-08-17,Vacuum cleaner,144
James Miranda,2022-08-13,Vacuum cleaner,407
James Miranda,2022-08-04,coffee machine,298
James Miranda,2022-08-22,Vacuum cleaner,701
Gregory Sanchez,2022-08-04,Laptop,627
Tyler Porter,2022-08-21,Laptop,630
Tyler Porter,2022-08-13,Phone,691
Tyler Porter,2022-08-10,TV,1204
James Price,2022-08-21,Microwave oven,511
James Price,2022-08-18,Laptop,2718
Lisa Lowe,2022-08-01,Microwave oven,382
Lisa Lowe,2022-08-27,Laptop,2529
Anna Stewart,2022-08-12,Phone,431
Anna Stewart,2022-08-18,TV,1756
Crystal Ponce,2022-08-19,TV,1015
Crystal Ponce,2022-08-03,TV,1566
Crystal Ponce,2022-08-16,Microwave oven,165
Helen Hall,2022-08-18,Phone,348
James Smith,2022-08-22,Laptop,3341
Larry Donovan,2022-08-20,Vacuum cleaner,286
Patrick Gonzalez,2022-08-09,Phone,473
Patrick Gonzalez,2022-08-18,coffee machine,2955
Patrick Gonzalez,2022-08-15,Laptop,1385
Steven Mathis,2022-08-18,Laptop,1633
Steven Mathis,2022-08-03,coffee machine,103
Christopher Young,2022-08-02,Phone,812
Christopher Young,2022-08-01,TV,1752
Janet Aguirre,2022-08-23,TV,840
Janet Aguirre,2022-08-17,Phone,562
James Cannon,2022-08-14,Vacuum cleaner,171
James Cannon,2022-08-27,Microwave oven,372
Debra Aguilar,2022-08-19,TV,664
Debra Aguilar,2022-08-06,Vacuum cleaner,411
Debra Aguilar,2022-08-21,Phone,643
Samantha Byrd,2022-08-02,coffee machine,2448
Samantha Byrd,2022-08-01,TV,2211
Samantha Byrd,2022-08-03,coffee machine,2306
Linda Davis,2022-08-21,Phone,1271
Linda Davis,2022-08-26,Phone,249
Michelle Nelson,2022-08-05,coffee machine,4332
Lisa Hopkins,2022-08-26,Microwave oven,128
Lisa Hopkins,2022-08-09,Vacuum cleaner,508
Kenneth Keller,2022-08-30,Phone,790
Jordan Martinez,2022-08-14,Vacuum cleaner,205
Jordan Martinez,2022-08-17,Phone,497
Jordan Martinez,2022-08-23,TV,973
Thomas Martinez,2022-08-08,Vacuum cleaner,111
Thomas Martinez,2022-08-04,TV,1131
Thomas Martinez,2022-08-15,Laptop,1027
Jason Bennett,2022-08-04,Microwave oven,311
Jason Bennett,2022-08-16,Microwave oven,226
Gabriela Short,2022-08-14,Phone,977
Gabriela Short,2022-08-30,Vacuum cleaner,794
Allison Cummings,2022-08-12,coffee machine,4394
Jared Duran,2022-08-08,Laptop,1119
Jeffrey King,2022-08-18,Laptop,1263
Jeffrey King,2022-08-01,Phone,1264
Darren Campbell,2022-08-14,Laptop,3456
Linda Noble,2022-08-05,Laptop,2793
Kelly Miller,2022-08-17,coffee machine,2131
Joseph Nunez,2022-08-24,coffee machine,272
Joseph Nunez,2022-08-02,Vacuum cleaner,284
Brittney Johnson,2022-08-17,Laptop,2060
Brittney Johnson,2022-08-13,Vacuum cleaner,297
Brittney Johnson,2022-08-16,Microwave oven,369
Michael Jenkins,2022-08-01,TV,1591
Kelly Ramsey,2022-08-15,coffee machine,3342
Thomas Marquez,2022-08-22,Vacuum cleaner,433
Thomas Marquez,2022-08-24,Vacuum cleaner,344
Stephanie Duncan,2022-08-24,Microwave oven,224
Jeremy Sanchez,2022-08-28,TV,2059
Michael Walker,2022-08-23,Laptop,2345
Michael Walker,2022-08-20,coffee machine,1201
Michael Walker,2022-08-10,coffee machine,4275
Matthew Mcneil,2022-08-12,Phone,883
Gina Jennings,2022-08-23,Microwave oven,428
Gina Jennings,2022-08-01,Phone,423
Justin Kelly,2022-08-20,coffee machine,1735
Justin Kelly,2022-08-16,Vacuum cleaner,427
Justin Kelly,2022-08-05,Phone,1051
Jeffrey Alvarado,2022-08-12,Phone,829
Jeffrey Alvarado,2022-08-13,coffee machine,3218
Jeffrey Alvarado,2022-08-23,Microwave oven,305
Julie Thomas,2022-08-27,coffee machine,4726
Julie Thomas,2022-08-14,Laptop,1273
Nicole Finley,2022-08-06,Phone,1203
John Fernandez,2022-08-25,Microwave oven,364
Michele Smith,2022-08-14,Phone,680
Michele Smith,2022-08-30,Phone,1084
Michele Smith,2022-08-02,coffee machine,4414
Scott Richards,2022-08-23,Phone,1089
Katherine James,2022-08-28,Microwave oven,152
Angela Cordova,2022-08-28,TV,2190
Angela Cordova,2022-08-20,Laptop,1257
Patrick Saunders,2022-08-20,coffee machine,3052
Walter Johnson,2022-08-22,TV,1881
Walter Johnson,2022-08-20,TV,542
Kayla Hernandez,2022-08-13,Phone,633
Kevin Ramirez,2022-08-28,coffee machine,3075
Kevin Ramirez,2022-08-19,Phone,329
Kevin Ramirez,2022-08-23,Vacuum cleaner,198
Gina Holloway,2022-08-18,TV,1716
Brandon Moore,2022-08-28,Phone,577
Brandon Moore,2022-08-11,Vacuum cleaner,281
Kristy Brown,2022-08-22,Laptop,2532
Jeffrey Beck,2022-08-17,Microwave oven,402
Pamela Mcclure,2022-08-30,Microwave oven,421
Pamela Mcclure,2022-08-02,Laptop,511
Pamela Mcclure,2022-08-02,Vacuum cleaner,698
Jeffrey Johnson,2022-08-14,Microwave oven,143
James Cooper,2022-08-30,Phone,1446
James Cooper,2022-08-23,coffee machine,1648
Kimberly Morgan,2022-08-22,Laptop,1794
Kimberly Morgan,2022-08-16,coffee machine,2347
Candice Simpson,2022-08-11,Microwave oven,567
Candice Simpson,2022-08-03,Phone,1472
Candice Simpson,2022-08-29,Vacuum cleaner,243
Zachary Austin,2022-08-13,Microwave oven,465
Zachary Austin,2022-08-14,Microwave oven,329
Kelly Callahan,2022-08-14,Microwave oven,572
Karina Meyer,2022-08-19,coffee machine,1020
Whitney Steele,2022-08-10,coffee machine,4050
Hannah Adams,2022-08-26,Phone,715
Hannah Adams,2022-08-12,TV,1801
Hannah Adams,2022-08-18,Microwave oven,522
Ebony Wilson,2022-08-13,TV,1335
Veronica Hunt,2022-08-21,TV,1141
Veronica Hunt,2022-08-23,Laptop,848
Veronica Hunt,2022-08-19,Vacuum cleaner,739
Jerry Perry,2022-08-14,TV,928
Russell Little,2022-08-24,Laptop,2794
Russell Little,2022-08-14,coffee machine,2534
Russell Little,2022-08-02,Vacuum cleaner,639
Seth Stanley,2022-08-18,Microwave oven,174
Seth Stanley,2022-08-07,Laptop,3138
Seth Stanley,2022-08-06,Microwave oven,589
Michael Atkinson,2022-08-09,Phone,698
Michael Atkinson,2022-08-22,Laptop,2151
Michael Atkinson,2022-08-21,TV,2271
Crystal Morton,2022-08-27,Laptop,1076
Crystal Morton,2022-08-04,Microwave oven,168
David Parker,2022-08-27,TV,2016
David Parker,2022-08-11,Phone,447
John Zuniga,2022-08-15,Laptop,1539
John Zuniga,2022-08-16,Phone,1143
Charles Arnold,2022-08-25,Vacuum cleaner,472
Charles Arnold,2022-08-16,Vacuum cleaner,635
Alexander Hall,2022-08-30,Microwave oven,137
Alexander Hall,2022-08-21,Laptop,1088
Alexander Hall,2022-08-11,Vacuum cleaner,603
Jennifer Stephenson,2022-08-05,TV,793
Lauren Jackson,2022-08-04,coffee machine,4730
Lauren Jackson,2022-08-17,coffee machine,657
Lauren Jackson,2022-08-10,Phone,1307
William Evans,2022-08-13,coffee machine,4007
William Evans,2022-08-11,Microwave oven,517
Rebecca Harmon,2022-08-08,Microwave oven,276
Rebecca Harmon,2022-08-24,Microwave oven,119
Rebecca Harmon,2022-08-11,Vacuum cleaner,454
Christopher Wagner,2022-08-16,Microwave oven,139
Brady Smith,2022-08-08,Vacuum cleaner,713
Brady Smith,2022-08-17,Microwave oven,112
Stephanie Moore,2022-08-12,TV,2430
Stephanie Moore,2022-08-09,Laptop,1896
Daniel Williams,2022-08-01,Vacuum cleaner,509
Daniel Williams,2022-08-21,coffee machine,2034
Daniel Williams,2022-08-24,coffee machine,4010
Kayla Jones,2022-08-30,coffee machine,1416
Kayla Jones,2022-08-24,TV,2058
Jerry Strickland,2022-08-30,Microwave oven,437
Jerry Strickland,2022-08-23,Laptop,2078
Jerry Strickland,2022-08-16,Phone,1338
Brandy Sims,2022-08-15,TV,1948
Alexis Hernandez,2022-08-11,Microwave oven,326
Holly Stuart,2022-08-25,Vacuum cleaner,661
Holly Stuart,2022-08-17,coffee machine,1280
Melissa Anderson,2022-08-12,Vacuum cleaner,322
Melissa Anderson,2022-08-08,Vacuum cleaner,382
Melissa Anderson,2022-08-08,Laptop,1544
Nicholas Bass,2022-08-20,Vacuum cleaner,323
Nicholas Bass,2022-08-21,Phone,1427
James Wells,2022-08-05,Phone,648
John Phillips,2022-08-18,Microwave oven,188
John Phillips,2022-08-04,coffee machine,4986
Susan Bailey,2022-08-23,Vacuum cleaner,289
Susan Bailey,2022-08-12,Laptop,2958
Susan Bailey,2022-08-23,Microwave oven,227
Kathryn Craig,2022-08-13,Laptop,1703
Kathryn Craig,2022-08-07,Phone,1198
Kathryn Craig,2022-08-11,Phone,982
Kelly Mccullough,2022-08-27,Laptop,2973
Katie Mckenzie,2022-08-03,Microwave oven,334
Glenn Hamilton,2022-08-23,Microwave oven,247
Glenn Hamilton,2022-08-27,Vacuum cleaner,509
Matthew Williams,2022-08-02,coffee machine,3256
Matthew Williams,2022-08-02,TV,2327
Tracy Ellis,2022-08-20,Laptop,1590
Tracy Ellis,2022-08-15,coffee machine,4677
Dakota Garcia,2022-08-14,Microwave oven,560
Dakota Garcia,2022-08-08,Vacuum cleaner,463
Lawrence Hebert,2022-08-04,coffee machine,4987
Lawrence Hebert,2022-08-01,Microwave oven,220
Kevin Casey,2022-08-19,TV,2170
Kevin Casey,2022-08-25,Vacuum cleaner,211
Patricia Smith,2022-08-06,Phone,755
Heather Clark,2022-08-08,Microwave oven,587
Christina Lopez,2022-08-09,Laptop,1435
Matthew Carr,2022-08-24,Phone,447
Matthew Carr,2022-08-07,Microwave oven,238
Matthew Carr,2022-08-29,TV,779
Laurie Shepard,2022-08-28,Laptop,1314
Laurie Shepard,2022-08-12,Microwave oven,108
Laurie Shepard,2022-08-16,Microwave oven,437
Susan Brown,2022-08-03,coffee machine,2318
Amanda Holland,2022-08-08,Microwave oven,477
Amanda Holland,2022-08-05,TV,2331
Kathryn Barnes,2022-08-22,coffee machine,4830
Michelle Morgan,2022-08-16,Laptop,1095
Michelle Morgan,2022-08-17,Microwave oven,121
Michelle Morgan,2022-08-22,Phone,600
William Sandoval,2022-08-22,Vacuum cleaner,404
William Lynch,2022-08-21,Laptop,3158
William Lynch,2022-08-22,coffee machine,2355
William Lynch,2022-08-04,coffee machine,1646
Steven Miller,2022-08-12,Vacuum cleaner,358
Steven Miller,2022-08-10,Microwave oven,401
Caitlin Rodriguez,2022-08-13,Phone,1281
Christopher Bradshaw,2022-08-19,Vacuum cleaner,196
Ashley Ayala,2022-08-05,coffee machine,3875
Nicole Olson,2022-08-07,Phone,1248
Nicole Olson,2022-08-09,Laptop,780
Nicole Olson,2022-08-13,Vacuum cleaner,414
Richard Reid,2022-08-18,Vacuum cleaner,473
Richard Reid,2022-08-23,Laptop,3407
Kimberly Jones,2022-08-10,coffee machine,384
Adrian Rowe,2022-08-19,Microwave oven,489
Adrian Rowe,2022-08-15,Vacuum cleaner,295
Adrian Rowe,2022-08-03,Laptop,2103
Stacey Edwards,2022-08-22,TV,1537
Stacey Edwards,2022-08-06,Vacuum cleaner,749
Stacey Edwards,2022-08-08,TV,912
Angela Myers,2022-08-13,TV,1725
Victoria Williams,2022-08-27,TV,2317
Victoria Williams,2022-08-17,Microwave oven,208
Victoria Williams,2022-08-16,Laptop,1394
Jennifer Castro,2022-08-05,TV,1551
Jennifer Mcclain,2022-08-17,Microwave oven,395
Victoria Brown,2022-08-28,Microwave oven,302
Victoria Brown,2022-08-22,coffee machine,2247
Victoria Brown,2022-08-21,Vacuum cleaner,735
Bethany Clark,2022-08-23,Phone,571
Bethany Clark,2022-08-07,coffee machine,383
Sandra Ray,2022-08-22,Laptop,2621
Sandra Ray,2022-08-05,Laptop,528
Sandra Ray,2022-08-16,Laptop,2358
Mark Williams,2022-08-13,coffee machine,2475
Mark Williams,2022-08-29,Phone,759
Teresa Wilson,2022-08-20,Phone,1404
Teresa Wilson,2022-08-08,coffee machine,823
Teresa Wilson,2022-08-30,Laptop,2176
Patrick Morris,2022-08-10,TV,1493
Kenneth Brown,2022-08-21,Microwave oven,532
David Rivera,2022-08-04,coffee machine,1292
David Rivera,2022-08-11,Microwave oven,264
Benjamin Robinson,2022-08-10,Laptop,1320
Benjamin Robinson,2022-08-14,Microwave oven,457
Sandra Dixon,2022-08-05,Vacuum cleaner,116
Sandra Dixon,2022-08-10,Vacuum cleaner,158
Sandra Dixon,2022-08-17,coffee machine,1370
Benjamin Moore,2022-08-12,Microwave oven,350
Keith Beck,2022-08-29,Microwave oven,176
Krystal Bell,2022-08-04,Phone,583
Krystal Bell,2022-08-15,Laptop,1070
Krystal Bell,2022-08-30,Microwave oven,316
Monica Morales,2022-08-25,TV,1112
Natasha Conway,2022-08-22,Microwave oven,143
Natasha Conway,2022-08-30,Phone,1475
Natasha Conway,2022-08-16,TV,706
Gregory Waters,2022-08-01,Microwave oven,121
Jose Wright,2022-08-09,Phone,1349
Jose Wright,2022-08-26,coffee machine,4707
Jose Wright,2022-08-08,Vacuum cleaner,246
Kimberly Stone,2022-08-30,Vacuum cleaner,745
Andrew Howard,2022-08-05,TV,963
Catherine Adams,2022-08-28,coffee machine,1364
Cynthia Pena,2022-08-09,TV,716
Rachel Martin,2022-08-19,Microwave oven,339
Rachel Martin,2022-08-14,Phone,1334
Kenneth Good,2022-08-12,Vacuum cleaner,140
Sharon Fuller,2022-08-14,Phone,1455
Sharon Fuller,2022-08-10,Vacuum cleaner,102
Jenna Richardson,2022-08-19,Laptop,865
Daniel Estes,2022-08-07,Laptop,2641
Sharon Dyer,2022-08-25,Phone,171
Sharon Dyer,2022-08-19,Phone,1011
Sharon Dyer,2022-08-05,Microwave oven,380
Cynthia Morgan,2022-08-21,coffee machine,4765
Cynthia Morgan,2022-08-30,Microwave oven,298
Erica Thomas,2022-08-15,Phone,344
Krista Herrera,2022-08-09,Laptop,3151
Krista Herrera,2022-08-12,Phone,323
Ashley Weeks,2022-08-13,Vacuum cleaner,106
Michael Burke,2022-08-25,TV,1793
Michael Burke,2022-08-20,Phone,1195
Michael Burke,2022-08-20,Vacuum cleaner,559
Michelle Davis,2022-08-09,Laptop,530
Tyler Munoz,2022-08-07,coffee machine,2206
Tyler Munoz,2022-08-09,Vacuum cleaner,562
Tyler Munoz,2022-08-05,Microwave oven,306
Justin Miller,2022-08-23,Phone,502
Justin Miller,2022-08-11,TV,925
Justin Miller,2022-08-22,Phone,373
Michael Mcconnell,2022-08-20,Phone,810
Michael Mcconnell,2022-08-11,coffee machine,1677
Michael Mcconnell,2022-08-21,Vacuum cleaner,210
Anthony Bird,2022-08-15,Phone,1117
Lisa Hansen,2022-08-14,coffee machine,3000
Steven Farrell,2022-08-19,Vacuum cleaner,453
Steven Farrell,2022-08-18,TV,679
Steven Farrell,2022-08-04,Vacuum cleaner,214
